"iv_malla_modi_id","lng","lat","poblacion"
142799,-3.2653977048134,37.1964115002029,1
142800,-3.26278232147106,37.1964115002029,1
142801,-3.26016693812872,37.1964115002029,1
142802,-3.25755155478638,37.1964115002029,1
142803,-3.25493617144404,37.1964115002029,1
142804,-3.2523207881017,37.1964115002029,1
142805,-3.24970540475935,37.1964115002029,1
142806,-3.24709002141701,37.1964115002029,1
142807,-3.24447463807467,37.1964115002029,1
143477,-3.26792290907797,37.1943281700917,1
143478,-3.26530759790574,37.1943281700917,1
143479,-3.2626922867335,37.1943281700917,1
143480,-3.26007697556127,37.1943281700917,1
143481,-3.25746166438904,37.1943281700917,1
143482,-3.2548463532168,37.1943281700917,1
143483,-3.25223104204457,37.1943281700917,1
143484,-3.24961573087234,37.1943281700917,1
143485,-3.2470004197001,37.1943281700917,1
143486,-3.24438510852787,37.1943281700917,1
143487,-3.24176979735564,37.1943281700917,1
144156,-3.2678327392973,37.1922448399805,1
144157,-3.26521750028773,37.1922448399805,1
144158,-3.26260226127817,37.1922448399805,1
144159,-3.2599870222686,37.1922448399805,1
144160,-3.25737178325903,37.1922448399805,1
144161,-3.25475654424947,37.1922448399805,1
144162,-3.2521413052399,37.1922448399805,1
144163,-3.24952606623034,37.1922448399805,1
144164,-3.24691082722077,37.1922448399805,1
144165,-3.24429558821121,37.1922448399805,1
144166,-3.24168034920164,37.1922448399805,1
144167,-3.23906511019207,37.1922448399805,1
144168,-3.23644987118251,37.1922448399805,1
144833,-3.27297291252139,37.1901615098693,1
144834,-3.27035774566705,37.1901615098693,1
144835,-3.26774257881271,37.1901615098693,1
144836,-3.26512741195838,37.1901615098693,1
144837,-3.26251224510404,37.1901615098693,1
144838,-3.2598970782497,37.1901615098693,1
144839,-3.25728191139536,37.1901615098693,1
144840,-3.25466674454102,37.1901615098693,1
144841,-3.25205157768669,37.1901615098693,1
144842,-3.24943641083235,37.1901615098693,1
144843,-3.24682124397801,37.1901615098693,1
144844,-3.24420607712367,37.1901615098693,1
144845,-3.24159091026934,37.1901615098693,1
144846,-3.238975743415,37.1901615098693,1
144847,-3.23636057656066,37.1901615098693,1
145511,-3.27549771174286,37.1880781797581,1
145512,-3.27288261703631,37.1880781797581,1
145513,-3.27026752232976,37.1880781797581,1
145514,-3.26765242762321,37.1880781797581,1
145515,-3.26503733291666,37.1880781797581,1
145516,-3.26242223821011,37.1880781797581,1
145517,-3.25980714350357,37.1880781797581,1
145518,-3.25719204879702,37.1880781797581,1
145519,-3.25457695409047,37.1880781797581,1
145520,-3.25196185938392,37.1880781797581,1
145521,-3.24934676467737,37.1880781797581,1
145522,-3.24673166997082,37.1880781797581,1
145523,-3.24411657526427,37.1880781797581,1
145524,-3.24150148055773,37.1880781797581,1
145525,-3.23888638585118,37.1880781797581,1
145526,-3.23627129114463,37.1880781797581,1
146190,-3.27540735342638,37.1859948496469,1
146191,-3.27279233086018,37.1859948496469,1
146192,-3.27017730829398,37.1859948496469,1
146193,-3.26756228572778,37.1859948496469,1
146194,-3.26494726316159,37.1859948496469,1
146195,-3.26233224059539,37.1859948496469,1
146196,-3.25971721802919,37.1859948496469,1
146197,-3.25710219546299,37.1859948496469,1
146198,-3.2544871728968,37.1859948496469,1
146199,-3.2518721503306,37.1859948496469,1
146200,-3.2492571277644,37.1859948496469,1
146201,-3.2466421051982,37.1859948496469,1
146202,-3.24402708263201,37.1859948496469,1
146203,-3.24141206006581,37.1859948496469,1
146204,-3.23879703749961,37.1859948496469,1
146205,-3.23618201493341,37.1859948496469,1
146868,-3.27793195485856,37.1839115195357,1
146869,-3.27531700442527,37.1839115195357,1
146870,-3.27270205399199,37.1839115195357,1
146871,-3.27008710355871,37.1839115195357,1
146872,-3.26747215312542,37.1839115195357,1
146873,-3.26485720269214,37.1839115195357,1
146874,-3.26224225225886,37.1839115195357,1
146875,-3.25962730182557,37.1839115195357,1
146876,-3.25701235139229,37.1839115195357,1
146877,-3.25439740095901,37.1839115195357,1
146878,-3.25178245052572,37.1839115195357,1
146879,-3.24916750009244,37.1839115195357,1
146880,-3.24655254965915,37.1839115195357,1
146881,-3.24393759922587,37.1839115195357,1
146882,-3.24132264879259,37.1839115195357,1
146883,-3.2387076983593,37.1839115195357,1
146884,-3.23609274792602,37.1839115195357,1
147547,-3.27784154304635,37.1818281894245,1
147548,-3.27522666473854,37.1818281894245,1
147549,-3.27261178643073,37.1818281894245,1
147550,-3.26999690812293,37.1818281894245,1
147551,-3.26738202981512,37.1818281894245,1
147552,-3.26476715150732,37.1818281894245,1
147553,-3.26215227319951,37.1818281894245,1
147554,-3.2595373948917,37.1818281894245,1
147555,-3.2569225165839,37.1818281894245,1
147556,-3.25430763827609,37.1818281894245,1
147557,-3.25169275996829,37.1818281894245,1
147558,-3.24907788166048,37.1818281894245,1
147559,-3.24646300335267,37.1818281894245,1
147560,-3.24384812504487,37.1818281894245,1
147561,-3.24123324673706,37.1818281894245,1
147562,-3.23861836842926,37.1818281894245,1
148227,-3.27513633436517,37.1797448593133,1
148228,-3.2725215281754,37.1797448593133,1
148229,-3.26990672198564,37.1797448593133,1
148230,-3.26729191579587,37.1797448593133,1
148231,-3.26467710960611,37.1797448593133,1
148232,-3.26206230341635,37.1797448593133,1
148233,-3.25944749722658,37.1797448593133,1
148234,-3.25683269103682,37.1797448593133,1
148235,-3.25421788484705,37.1797448593133,1
148236,-3.25160307865729,37.1797448593133,1
148237,-3.24898827246753,37.1797448593133,1
148238,-3.24637346627776,37.1797448593133,1
148239,-3.243758660088,37.1797448593133,1
148240,-3.24114385389823,37.1797448593133,1
148241,-3.23852904770847,37.1797448593133,1
148242,-3.2359142415187,37.1797448593133,1
148905,-3.2776607473833,37.177661529202,1
148906,-3.27504601330414,37.177661529202,1
148907,-3.27243127922498,37.177661529202,1
148908,-3.26981654514583,37.177661529202,1
148909,-3.26720181106667,37.177661529202,1
148910,-3.26458707698751,37.177661529202,1
148911,-3.26197234290836,37.177661529202,1
148912,-3.2593576088292,37.177661529202,1
148913,-3.25674287475004,37.177661529202,1
148914,-3.25412814067089,37.177661529202,1
148915,-3.25151340659173,37.177661529202,1
148916,-3.24889867251257,37.177661529202,1
148917,-3.24628393843342,37.177661529202,1
148918,-3.24366920435426,37.177661529202,1
148919,-3.2410544702751,37.177661529202,1
148920,-3.23843973619594,37.177661529202,1
148921,-3.23582500211679,37.177661529202,1
149584,-3.27757036353044,37.1755781990908,1
149585,-3.27495570155446,37.1755781990908,1
149586,-3.27234103957847,37.1755781990908,1
149587,-3.26972637760249,37.1755781990908,1
149588,-3.26711171562651,37.1755781990908,1
149589,-3.26449705365052,37.1755781990908,1
149590,-3.26188239167454,37.1755781990908,1
149591,-3.25926772969856,37.1755781990908,1
149592,-3.25665306772257,37.1755781990908,1
149593,-3.25403840574659,37.1755781990908,1
149594,-3.2514237437706,37.1755781990908,1
149595,-3.24880908179462,37.1755781990908,1
149596,-3.24619441981864,37.1755781990908,1
149597,-3.24357975784265,37.1755781990908,1
149598,-3.24096509586667,37.1755781990908,1
149599,-3.23835043389068,37.1755781990908,1
149600,-3.2357357719147,37.1755781990908,1
150263,-3.27747998899535,37.1734948689796,1
150264,-3.27486539911511,37.1734948689796,1
150265,-3.27225080923486,37.1734948689796,1
150266,-3.26963621935462,37.1734948689796,1
150267,-3.26702162947438,37.1734948689796,1
150268,-3.26440703959413,37.1734948689796,1
150269,-3.26179244971389,37.1734948689796,1
150270,-3.25917785983364,37.1734948689796,1
150271,-3.2565632699534,37.1734948689796,1
150272,-3.25394868007316,37.1734948689796,1
150273,-3.25133409019291,37.1734948689796,1
150274,-3.24871950031267,37.1734948689796,1
150275,-3.24610491043242,37.1734948689796,1
150276,-3.24349032055218,37.1734948689796,1
150277,-3.24087573067194,37.1734948689796,1
150278,-3.23826114079169,37.1734948689796,1
150279,-3.23564655091145,37.1734948689796,1
150942,-3.27738962377701,37.1714115388684,1
150943,-3.27477510598508,37.1714115388684,1
150944,-3.27216058819314,37.1714115388684,1
150945,-3.2695460704012,37.1714115388684,1
150946,-3.26693155260927,37.1714115388684,1
150947,-3.26431703481733,37.1714115388684,1
150948,-3.2617025170254,37.1714115388684,1
150949,-3.25908799923346,37.1714115388684,1
150950,-3.25647348144152,37.1714115388684,1
150951,-3.25385896364959,37.1714115388684,1
150952,-3.25124444585765,37.1714115388684,1
150953,-3.24862992806571,37.1714115388684,1
150954,-3.24601541027378,37.1714115388684,1
150955,-3.24340089248184,37.1714115388684,1
150956,-3.2407863746899,37.1714115388684,1
150957,-3.23817185689797,37.1714115388684,1
151623,-3.2720703764523,37.1693282087572,1
151624,-3.26945593074124,37.1693282087572,1
151625,-3.26684148503018,37.1693282087572,1
151626,-3.26422703931912,37.1693282087572,1
151627,-3.26161259360806,37.1693282087572,1
151628,-3.258998147897,37.1693282087572,1
151629,-3.25638370218594,37.1693282087572,1
151630,-3.25376925647488,37.1693282087572,1
151631,-3.25115481076382,37.1693282087572,1
151632,-3.24854036505276,37.1693282087572,1
151633,-3.2459259193417,37.1693282087572,1
151634,-3.24331147363064,37.1693282087572,1
151635,-3.24069702791958,37.1693282087572,1
152303,-3.26936580037372,37.167244878646,1
152304,-3.26675142673611,37.167244878646,1
152305,-3.26413705309849,37.167244878646,1
152306,-3.26152267946088,37.167244878646,1
152307,-3.25890830582326,37.167244878646,1
152308,-3.25629393218565,37.167244878646,1
152309,-3.25367955854803,37.167244878646,1
152310,-3.25106518491042,37.167244878646,1
152311,-3.2484508112728,37.167244878646,1
152312,-3.24583643763519,37.167244878646,1
152313,-3.24322206399757,37.167244878646,1
152314,-3.24060769035996,37.167244878646,1
152982,-3.26927567929764,37.1651615485348,1
152983,-3.26666137772604,37.1651615485348,1
152984,-3.26404707615444,37.1651615485348,1
152985,-3.26143277458284,37.1651615485348,1
152986,-3.25881847301124,37.1651615485348,1
152987,-3.25620417143964,37.1651615485348,1
152988,-3.25358986986804,37.1651615485348,1
152989,-3.25097556829644,37.1651615485348,1
152990,-3.24836126672484,37.1651615485348,1
152991,-3.24574696515324,37.1651615485348,1
152992,-3.24313266358164,37.1651615485348,1
153661,-3.26918556751199,37.1630782184236,1
153662,-3.26657133799897,37.1630782184236,1
153663,-3.26395710848596,37.1630782184236,1
153664,-3.26134287897295,37.1630782184236,1
153665,-3.25872864945993,37.1630782184236,1
153666,-3.25611441994692,37.1630782184236,1
153667,-3.2535001904339,37.1630782184236,1
153668,-3.25088596092089,37.1630782184236,1
153669,-3.24827173140788,37.1630782184236,1
153670,-3.24565750189486,37.1630782184236,1
153671,-3.24304327238185,37.1630782184236,1
154341,-3.2664813075539,37.1609948883124,1
154342,-3.26386715009205,37.1609948883124,1
154343,-3.26125299263019,37.1609948883124,1
154344,-3.25863883516834,37.1609948883124,1
154345,-3.25602467770648,37.1609948883124,1
154346,-3.25341052024462,37.1609948883124,1
154347,-3.25079636278277,37.1609948883124,1
154348,-3.24818220532091,37.1609948883124,1
154349,-3.24556804785905,37.1609948883124,1
155022,-3.26116311555357,37.1589115582012,1
155023,-3.25854903013545,37.1589115582012,1
155024,-3.25593494471732,37.1589115582012,1
155025,-3.25332085929919,37.1589115582012,1
161084,-3.38841306924896,37.1401615872004,2
161085,-3.3857996318903,37.1401615872004,2
161086,-3.38318619453163,37.1401615872004,2
161087,-3.38057275717297,37.1401615872004,2
161088,-3.37795931981431,37.1401615872004,2
161089,-3.37534588245565,37.1401615872004,2
161761,-3.3935464890514,37.1380782570892,2
161762,-3.39093312366223,37.1380782570892,2
161763,-3.38831975827307,37.1380782570892,2
161764,-3.38570639288391,37.1380782570892,2
161765,-3.38309302749474,37.1380782570892,2
161766,-3.38047966210558,37.1380782570892,2
161767,-3.37786629671642,37.1380782570892,2
161768,-3.37525293132725,37.1380782570892,2
161769,-3.37263956593809,37.1380782570892,2
162440,-3.39345304376997,37.1359949269779,2
162441,-3.39083975034288,37.1359949269779,2
162442,-3.3882264569158,37.1359949269779,2
162443,-3.38561316348872,37.1359949269779,2
162444,-3.38299987006163,37.1359949269779,2
162445,-3.38038657663455,37.1359949269779,2
162446,-3.37777328320747,37.1359949269779,2
162447,-3.37515998978038,37.1359949269779,2
162448,-3.3725466963533,37.1359949269779,2
162449,-3.36993340292622,37.1359949269779,2
162450,-3.36732010949913,37.1359949269779,2
162451,-3.36470681607205,37.1359949269779,2
162452,-3.36209352264497,37.1359949269779,2
162453,-3.35948022921788,37.1359949269779,2
162454,-3.3568669357908,37.1359949269779,2
162455,-3.35425364236372,37.1359949269779,2
163119,-3.39335960812095,37.1339115968667,2
163120,-3.39074638664853,37.1339115968667,2
163121,-3.38813316517611,37.1339115968667,2
163122,-3.38551994370369,37.1339115968667,2
163123,-3.38290672223127,37.1339115968667,2
163124,-3.38029350075885,37.1339115968667,2
163125,-3.37768027928643,37.1339115968667,2
163126,-3.375067057814,37.1339115968667,2
163127,-3.37245383634158,37.1339115968667,2
163128,-3.36984061486916,37.1339115968667,2
163129,-3.36722739339674,37.1339115968667,2
163130,-3.36461417192432,37.1339115968667,2
163131,-3.3620009504519,37.1339115968667,2
163132,-3.35938772897948,37.1339115968667,2
163133,-3.35677450750706,37.1339115968667,2
163134,-3.35416128603464,37.1339115968667,2
163135,-3.35154806456222,37.1339115968667,2
163136,-3.34893484308979,37.1339115968667,2
163798,-3.39326618210331,37.1318282667555,2
163799,-3.39065303257813,37.1318282667555,2
163800,-3.38803988305296,37.1318282667555,2
163801,-3.38542673352778,37.1318282667555,2
163802,-3.38281358400261,37.1318282667555,2
163803,-3.38020043447743,37.1318282667555,2
163804,-3.37758728495225,37.1318282667555,2
163805,-3.37497413542708,37.1318282667555,2
163806,-3.3723609859019,37.1318282667555,2
163807,-3.36974783637673,37.1318282667555,2
163808,-3.36713468685155,37.1318282667555,2
163809,-3.36452153732637,37.1318282667555,2
163810,-3.3619083878012,37.1318282667555,2
163811,-3.35929523827602,37.1318282667555,2
163812,-3.35668208875085,37.1318282667555,2
163813,-3.35406893922567,37.1318282667555,2
163814,-3.35145578970049,37.1318282667555,2
163815,-3.34884264017532,37.1318282667555,2
163816,-3.34622949065014,37.1318282667555,2
164478,-3.39055968813065,37.1297449366443,2
164479,-3.3879466105453,37.1297449366443,2
164480,-3.38533353295996,37.1297449366443,2
164481,-3.38272045537461,37.1297449366443,2
164482,-3.38010737778926,37.1297449366443,2
164483,-3.37749430020391,37.1297449366443,2
164484,-3.37488122261857,37.1297449366443,2
164485,-3.37226814503322,37.1297449366443,2
164486,-3.36965506744787,37.1297449366443,2
164487,-3.36704198986252,37.1297449366443,2
164488,-3.36442891227718,37.1297449366443,2
164489,-3.36181583469183,37.1297449366443,2
164490,-3.35920275710648,37.1297449366443,2
164491,-3.35658967952113,37.1297449366443,2
164492,-3.35397660193579,37.1297449366443,2
164493,-3.35136352435044,37.1297449366443,2
164494,-3.34875044676509,37.1297449366443,2
164495,-3.34613736917975,37.1297449366443,2
165157,-3.39046635330504,37.1276616065331,2
165158,-3.3878533476521,37.1276616065331,2
165159,-3.38524034199917,37.1276616065331,2
165160,-3.38262733634623,37.1276616065331,2
165161,-3.3800143306933,37.1276616065331,2
165162,-3.37740132504037,37.1276616065331,2
165163,-3.37478831938743,37.1276616065331,2
165164,-3.3721753137345,37.1276616065331,2
165165,-3.36956230808156,37.1276616065331,2
165166,-3.36694930242863,37.1276616065331,2
165167,-3.3643362967757,37.1276616065331,2
165168,-3.36172329112276,37.1276616065331,2
165169,-3.35911028546983,37.1276616065331,2
165170,-3.35649727981689,37.1276616065331,2
165171,-3.35388427416396,37.1276616065331,2
165172,-3.35127126851103,37.1276616065331,2
165173,-3.34865826285809,37.1276616065331,2
165174,-3.34604525720516,37.1276616065331,2
165175,-3.34343225155223,37.1276616065331,2
165837,-3.38776009437232,37.1255782764219,2
165838,-3.38514716064438,37.1255782764219,2
165839,-3.38253422691645,37.1255782764219,2
165840,-3.37992129318851,37.1255782764219,2
165841,-3.37730835946058,37.1255782764219,2
165842,-3.37469542573264,37.1255782764219,2
165843,-3.37208249200471,37.1255782764219,2
165844,-3.36946955827677,37.1255782764219,2
165845,-3.36685662454884,37.1255782764219,2
165846,-3.3642436908209,37.1255782764219,2
165847,-3.36163075709296,37.1255782764219,2
165848,-3.35901782336503,37.1255782764219,2
165849,-3.35640488963709,37.1255782764219,2
165850,-3.35379195590916,37.1255782764219,2
165851,-3.35117902218122,37.1255782764219,2
165852,-3.34856608845329,37.1255782764219,2
165853,-3.34595315472535,37.1255782764219,2
165854,-3.34334022099742,37.1255782764219,2
165855,-3.34072728726948,37.1255782764219,2
166520,-3.37721540346351,37.1234949463107,2
166521,-3.37460254165316,37.1234949463107,2
166522,-3.3719896798428,37.1234949463107,2
166523,-3.36937681803245,37.1234949463107,2
166524,-3.3667639562221,37.1234949463107,2
166525,-3.36415109441175,37.1234949463107,2
166526,-3.3615382326014,37.1234949463107,2
166527,-3.35892537079105,37.1234949463107,2
166528,-3.3563125089807,37.1234949463107,2
166529,-3.35369964717035,37.1234949463107,2
166530,-3.35108678536,37.1234949463107,2
166531,-3.34847392354965,37.1234949463107,2
166532,-3.3458610617393,37.1234949463107,2
166533,-3.34324819992895,37.1234949463107,2
166534,-3.3406353381186,37.1234949463107,2
167201,-3.37189687724776,37.1214116161995,2
167202,-3.36928408734758,37.1214116161995,2
167203,-3.3666712974474,37.1214116161995,2
167204,-3.36405850754722,37.1214116161995,2
167205,-3.36144571764704,37.1214116161995,2
167206,-3.35883292774686,37.1214116161995,2
167207,-3.35622013784668,37.1214116161995,2
167208,-3.35360734794651,37.1214116161995,2
167209,-3.35099455804633,37.1214116161995,2
167210,-3.34838176814615,37.1214116161995,2
167211,-3.34576897824597,37.1214116161995,2
167212,-3.34315618834579,37.1214116161995,2
167213,-3.34054339844561,37.1214116161995,2
167881,-3.36919136622112,37.1193282860883,2
167882,-3.3665786482237,37.1193282860883,2
167883,-3.36396593022628,37.1193282860883,2
167884,-3.36135321222886,37.1193282860883,2
167885,-3.35874049423144,37.1193282860883,2
167886,-3.35612777623402,37.1193282860883,2
167887,-3.3535150582366,37.1193282860883,2
167888,-3.35090234023918,37.1193282860883,2
167889,-3.34828962224176,37.1193282860883,2
167890,-3.34567690424434,37.1193282860883,2
167891,-3.34306418624692,37.1193282860883,2
167892,-3.3404514682495,37.1193282860883,2
167893,-3.33783875025208,37.1193282860883,2
168536,-3.43180216110175,37.1172449559771,3
168537,-3.42918951499968,37.1172449559771,3
168561,-3.36648600854995,37.1172449559771,2
168562,-3.36387336244788,37.1172449559771,2
168563,-3.36126071634581,37.1172449559771,2
168564,-3.35864807024374,37.1172449559771,2
168565,-3.35603542414167,37.1172449559771,2
168566,-3.35342277803959,37.1172449559771,2
168567,-3.35081013193752,37.1172449559771,2
168568,-3.34819748583545,37.1172449559771,2
168569,-3.34558483973338,37.1172449559771,2
168570,-3.34297219363131,37.1172449559771,2
168571,-3.34035954752923,37.1172449559771,2
168572,-3.33774690142716,37.1172449559771,2
169214,-3.43432030799265,37.1151616258659,3
169215,-3.43170773377851,37.1151616258659,3
169216,-3.42909515956438,37.1151616258659,3
169217,-3.42648258535024,37.1151616258659,3
169244,-3.3559430815686,37.1151616258659,2
169245,-3.35333050735447,37.1151616258659,2
169246,-3.35071793314033,37.1151616258659,2
169247,-3.3481053589262,37.1151616258659,2
169248,-3.34549278471206,37.1151616258659,2
169249,-3.34288021049793,37.1151616258659,2
169250,-3.34026763628379,37.1151616258659,2
169251,-3.33765506206966,37.1151616258659,2
169892,-3.43683832085563,37.1130782957547,3
169893,-3.43422581852202,37.1130782957547,3
169894,-3.43161331618841,37.1130782957547,3
169895,-3.42900081385481,37.1130782957547,3
169896,-3.4263883115212,37.1130782957547,3
169897,-3.42377580918759,37.1130782957547,3
169923,-3.35585074851379,37.1130782957547,2
169924,-3.35323824618019,37.1130782957547,2
169925,-3.35062574384658,37.1130782957547,2
169926,-3.34801324151297,37.1130782957547,2
169927,-3.34540073917936,37.1130782957547,2
169928,-3.34278823684576,37.1130782957547,2
169929,-3.34017573451215,37.1130782957547,2
169930,-3.33756323217854,37.1130782957547,2
170570,-3.43935619971188,37.1109949656435,3
170571,-3.43674376925139,37.1109949656435,3
170572,-3.4341313387909,37.1109949656435,3
170573,-3.43151890833041,37.1109949656435,3
170574,-3.42890647786992,37.1109949656435,3
170575,-3.42629404740943,37.1109949656435,3
170576,-3.42368161694894,37.1109949656435,3
170602,-3.35575842497621,37.1109949656435,2
170603,-3.35314599451572,37.1109949656435,2
170604,-3.35053356405523,37.1109949656435,2
170605,-3.34792113359475,37.1109949656435,2
170606,-3.34530870313426,37.1109949656435,2
170607,-3.34269627267377,37.1109949656435,2
170608,-3.34008384221328,37.1109949656435,2
170609,-3.33747141175279,37.1109949656435,2
171248,-3.44187394458256,37.1089116355323,3
171249,-3.43926158598778,37.1089116355323,3
171250,-3.436649227393,37.1089116355323,3
171251,-3.43403686879822,37.1089116355323,3
171252,-3.43142451020344,37.1089116355323,3
171253,-3.42881215160866,37.1089116355323,3
171254,-3.42619979301388,37.1089116355323,3
171255,-3.4235874344191,37.1089116355323,3
171257,-3.41836271722954,37.1089116355323,3
171281,-3.35566611095483,37.1089116355323,2
171282,-3.35305375236005,37.1089116355323,2
171283,-3.35044139376527,37.1089116355323,2
171284,-3.34782903517049,37.1089116355323,2
171285,-3.34521667657571,37.1089116355323,2
171286,-3.34260431798093,37.1089116355323,2
171287,-3.33999195938615,37.1089116355323,2
171288,-3.33737960079137,37.1089116355323,2
171925,-3.44700384222532,37.1068283054211,3
171926,-3.44439155548884,37.1068283054211,3
171927,-3.44177926875236,37.1068283054211,3
171928,-3.43916698201589,37.1068283054211,3
171929,-3.43655469527941,37.1068283054211,3
171930,-3.43394240854293,37.1068283054211,3
171931,-3.43133012180646,37.1068283054211,3
171932,-3.42871783506998,37.1068283054211,3
171933,-3.4261055483335,37.1068283054211,3
171934,-3.42349326159702,37.1068283054211,3
171935,-3.42088097486055,37.1068283054211,3
171936,-3.41826868812407,37.1068283054211,3
171937,-3.41565640138759,37.1068283054211,3
171961,-3.35296151971214,37.1068283054211,2
171962,-3.35034923297566,37.1068283054211,2
171963,-3.34773694623919,37.1068283054211,2
171964,-3.34512465950271,37.1068283054211,2
171965,-3.34251237276623,37.1068283054211,2
171966,-3.33990008602975,37.1068283054211,2
172604,-3.44690903245189,37.1047449753099,3
172605,-3.44429681756631,37.1047449753099,3
172606,-3.44168460268073,37.1047449753099,3
172607,-3.43907238779515,37.1047449753099,3
172608,-3.43646017290957,37.1047449753099,3
172609,-3.43384795802399,37.1047449753099,3
172610,-3.4312357431384,37.1047449753099,3
172611,-3.42862352825282,37.1047449753099,3
172612,-3.42601131336724,37.1047449753099,3
172613,-3.42339909848166,37.1047449753099,3
172614,-3.42078688359608,37.1047449753099,3
172615,-3.4181746687105,37.1047449753099,3
172616,-3.41556245382491,37.1047449753099,3
172617,-3.41295023893933,37.1047449753099,3
172618,-3.41033802405375,37.1047449753099,3
172640,-3.35286929657096,37.1047449753099,2
172641,-3.35025708168538,37.1047449753099,2
172642,-3.3476448667998,37.1047449753099,2
172643,-3.34503265191422,37.1047449753099,2
172644,-3.34242043702863,37.1047449753099,2
172645,-3.33980822214305,37.1047449753099,2
173283,-3.44681423245078,37.1026616451987,3
173284,-3.44420208940869,37.1026616451987,3
173285,-3.4415899463666,37.1026616451987,3
173286,-3.43897780332451,37.1026616451987,3
173287,-3.43636566028242,37.1026616451987,3
173288,-3.43375351724032,37.1026616451987,3
173289,-3.43114137419823,37.1026616451987,3
173290,-3.42852923115614,37.1026616451987,3
173291,-3.42591708811405,37.1026616451987,3
173292,-3.42330494507196,37.1026616451987,3
173293,-3.42069280202987,37.1026616451987,3
173294,-3.41808065898777,37.1026616451987,3
173295,-3.41546851594568,37.1026616451987,3
173296,-3.41285637290359,37.1026616451987,3
173297,-3.4102442298615,37.1026616451987,3
173320,-3.35016493989339,37.1026616451987,2
173321,-3.3475527968513,37.1026616451987,2
173322,-3.34494065380921,37.1026616451987,2
173962,-3.44671944222093,37.1005783150875,3
173963,-3.44410737101492,37.1005783150875,3
173964,-3.44149529980892,37.1005783150875,3
173965,-3.43888322860291,37.1005783150875,3
173966,-3.4362711573969,37.1005783150875,3
173967,-3.4336590861909,37.1005783150875,3
173968,-3.43104701498489,37.1005783150875,3
173969,-3.42843494377888,37.1005783150875,3
173970,-3.42582287257288,37.1005783150875,3
173971,-3.42321080136687,37.1005783150875,3
173972,-3.42059873016086,37.1005783150875,3
173973,-3.41798665895486,37.1005783150875,3
173974,-3.41537458774885,37.1005783150875,3
173975,-3.41276251654284,37.1005783150875,3
173976,-3.41015044533684,37.1005783150875,3
173977,-3.40753837413083,37.1005783150875,3
174640,-3.44923666113861,37.0984949849763,3
174641,-3.44662466176128,37.0984949849763,3
174642,-3.44401266238396,37.0984949849763,3
174643,-3.44140066300663,37.0984949849763,3
174644,-3.4387886636293,37.0984949849763,3
174645,-3.43617666425198,37.0984949849763,3
174646,-3.43356466487465,37.0984949849763,3
174647,-3.43095266549732,37.0984949849763,3
174648,-3.42834066612,37.0984949849763,3
174649,-3.42572866674267,37.0984949849763,3
174650,-3.42311666736535,37.0984949849763,3
174651,-3.42050466798802,37.0984949849763,3
174652,-3.41789266861069,37.0984949849763,3
174653,-3.41528066923337,37.0984949849763,3
174654,-3.41266866985604,37.0984949849763,3
174655,-3.41005667047871,37.0984949849763,3
174656,-3.40744467110139,37.0984949849763,3
175320,-3.44652989107078,37.0964116548651,3
175321,-3.44391796351473,37.0964116548651,3
175322,-3.44130603595868,37.0964116548651,3
175323,-3.43869410840263,37.0964116548651,3
175324,-3.43608218084658,37.0964116548651,3
175325,-3.43347025329053,37.0964116548651,3
175326,-3.43085832573448,37.0964116548651,3
175327,-3.42824639817843,37.0964116548651,3
175328,-3.42563447062238,37.0964116548651,3
175329,-3.42302254306633,37.0964116548651,3
175330,-3.42041061551028,37.0964116548651,3
175331,-3.41779868795424,37.0964116548651,3
175332,-3.41518676039819,37.0964116548651,3
175333,-3.41257483284214,37.0964116548651,3
175334,-3.40996290528609,37.0964116548651,3
175999,-3.44643513014836,37.0943283247538,3
176000,-3.44382327440619,37.0943283247538,3
176001,-3.44121141866401,37.0943283247538,3
176002,-3.43859956292184,37.0943283247538,3
176003,-3.43598770717966,37.0943283247538,3
176004,-3.43337585143749,37.0943283247538,3
176005,-3.43076399569531,37.0943283247538,3
176006,-3.42815213995314,37.0943283247538,3
176007,-3.42554028421096,37.0943283247538,3
176008,-3.42292842846879,37.0943283247538,3
176009,-3.42031657272661,37.0943283247538,3
176010,-3.41770471698444,37.0943283247538,3
176011,-3.41509286124226,37.0943283247538,3
176012,-3.41248100550009,37.0943283247538,3
176678,-3.44634037899298,37.0922449946426,3
176679,-3.44372859505728,37.0922449946426,3
176680,-3.44111681112158,37.0922449946426,3
176681,-3.43850502718587,37.0922449946426,3
176682,-3.43589324325017,37.0922449946426,3
176683,-3.43328145931447,37.0922449946426,3
176684,-3.43066967537877,37.0922449946426,3
176685,-3.42805789144306,37.0922449946426,3
176686,-3.42544610750736,37.0922449946426,3
176687,-3.42283432357166,37.0922449946426,3
176688,-3.42022253963595,37.0922449946426,3
176689,-3.41761075570025,37.0922449946426,3
176690,-3.41499897176455,37.0922449946426,3
176691,-3.41238718782885,37.0922449946426,3
177357,-3.44624563760358,37.0901616645314,3
177358,-3.44363392546694,37.0901616645314,3
177359,-3.44102221333031,37.0901616645314,3
177360,-3.43841050119368,37.0901616645314,3
177361,-3.43579878905705,37.0901616645314,3
177362,-3.43318707692042,37.0901616645314,3
177363,-3.43057536478379,37.0901616645314,3
177366,-3.42274022837389,37.0901616645314,3
177367,-3.42012851623726,37.0901616645314,3
178037,-3.44353926563413,37.0880783344202,3
178038,-3.44092762528917,37.0880783344202,3
178039,-3.43831598494421,37.0880783344202,3
178040,-3.43570434459925,37.0880783344202,3
178041,-3.43309270425429,37.0880783344202,3
183459,-3.46889300089485,37.0714116935306,4
183460,-3.46628193461694,37.0714116935306,4
183461,-3.46367086833904,37.0714116935306,4
183462,-3.46105980206113,37.0714116935306,4
184135,-3.47663069523962,37.0693283634194,4
184136,-3.47401970068682,37.0693283634194,4
184137,-3.47140870613402,37.0693283634194,4
184138,-3.46879771158122,37.0693283634194,4
184139,-3.46618671702842,37.0693283634194,4
184140,-3.46357572247562,37.0693283634194,4
184141,-3.46096472792282,37.0693283634194,4
184142,-3.45835373337002,37.0693283634194,4
184813,-3.47914612342885,37.0672450333082,4
184814,-3.47653520059376,37.0672450333082,4
184815,-3.47392427775867,37.0672450333082,4
184816,-3.47131335492358,37.0672450333082,4
184817,-3.4687024320885,37.0672450333082,4
184818,-3.46609150925341,37.0672450333082,4
184819,-3.46348058641832,37.0672450333082,4
184820,-3.46086966358323,37.0672450333082,4
184821,-3.45825874074814,37.0672450333082,4
185492,-3.47905056691468,37.065161703197,4
185493,-3.47643971578991,37.065161703197,4
185494,-3.47382886466514,37.065161703197,4
185495,-3.47121801354038,37.065161703197,4
185496,-3.46860716241561,37.065161703197,4
185497,-3.46599631129084,37.065161703197,4
185498,-3.46338546016608,37.065161703197,4
185499,-3.46077460904131,37.065161703197,4
185500,-3.45816375791654,37.065161703197,4
186167,-3.4893981379362,37.0630783730858,4
186168,-3.48678735851436,37.0630783730858,4
186169,-3.48417657909253,37.0630783730858,4
186170,-3.48156579967069,37.0630783730858,4
186171,-3.47895502024885,37.0630783730858,4
186172,-3.47634424082701,37.0630783730858,4
186173,-3.47373346140518,37.0630783730858,4
186174,-3.47112268198334,37.0630783730858,4
186175,-3.4685119025615,37.0630783730858,4
186176,-3.46590112313967,37.0630783730858,4
186177,-3.46329034371783,37.0630783730858,4
186178,-3.46067956429599,37.0630783730858,4
186179,-3.45806878487416,37.0630783730858,4
186845,-3.49191302206179,37.0609950429746,4
186846,-3.48930231433549,37.0609950429746,4
186847,-3.48669160660919,37.0609950429746,4
186848,-3.4840808988829,37.0609950429746,4
186849,-3.4814701911566,37.0609950429746,4
186850,-3.4788594834303,37.0609950429746,4
186851,-3.47624877570401,37.0609950429746,4
186852,-3.47363806797771,37.0609950429746,4
186853,-3.47102736025141,37.0609950429746,4
186854,-3.46841665252512,37.0609950429746,4
186855,-3.46580594479882,37.0609950429746,4
186856,-3.46319523707252,37.0609950429746,4
186857,-3.46058452934623,37.0609950429746,4
187524,-3.4918171366487,37.0589117128634,4
187525,-3.48920650061055,37.0589117128634,4
187526,-3.48659586457241,37.0589117128634,4
187527,-3.48398522853426,37.0589117128634,4
187528,-3.48137459249612,37.0589117128634,4
187529,-3.47876395645797,37.0589117128634,4
187530,-3.47615332041982,37.0589117128634,4
187531,-3.47354268438168,37.0589117128634,4
187532,-3.47093204834353,37.0589117128634,4
187533,-3.46832141230539,37.0589117128634,4
187534,-3.46571077626724,37.0589117128634,4
188203,-3.4917212611177,37.0568283827522,4
188204,-3.48911069676032,37.0568283827522,4
188205,-3.48650013240293,37.0568283827522,4
188206,-3.48388956804555,37.0568283827522,4
188207,-3.48127900368817,37.0568283827522,4
188208,-3.47866843933079,37.0568283827522,4
188209,-3.4760578749734,37.0568283827522,4
188210,-3.47344731061602,37.0568283827522,4
188211,-3.47083674625864,37.0568283827522,4
188212,-3.46822618190126,37.0568283827522,4
188213,-3.46561561754387,37.0568283827522,4
188882,-3.49162539546773,37.054745052641,4
188883,-3.48901490278372,37.054745052641,4
188884,-3.48640441009971,37.054745052641,4
188885,-3.48379391741571,37.054745052641,4
188886,-3.4811834247317,37.054745052641,4
188887,-3.47857293204769,37.054745052641,4
188888,-3.47596243936368,37.054745052641,4
188889,-3.47335194667968,37.054745052641,4
188890,-3.47074145399567,37.054745052641,4
188891,-3.46813096131166,37.054745052641,4
188892,-3.46552046862766,37.054745052641,4
189561,-3.49152953969771,37.0526617225297,4
189562,-3.48891911867969,37.0526617225297,4
189563,-3.48630869766167,37.0526617225297,4
189564,-3.48369827664366,37.0526617225297,4
189565,-3.48108785562564,37.0526617225297,4
189566,-3.47847743460762,37.0526617225297,4
189567,-3.4758670135896,37.0526617225297,4
189568,-3.47325659257158,37.0526617225297,4
189569,-3.47064617155356,37.0526617225297,4
190240,-3.49143369380658,37.0505783924186,4
190241,-3.48882334444717,37.0505783924186,4
190242,-3.48621299508775,37.0505783924186,4
190243,-3.48360264572834,37.0505783924186,4
190244,-3.48099229636892,37.0505783924186,4
190245,-3.47838194700951,37.0505783924186,4
190246,-3.47577159765009,37.0505783924186,4
190247,-3.47316124829068,37.0505783924186,4
190920,-3.48872758008509,37.0484950623073,4
190921,-3.48611730237689,37.0484950623073,4
190922,-3.48350702466869,37.0484950623073,4
190923,-3.48089674696049,37.0484950623073,4
190924,-3.4782864692523,37.0484950623073,4
190925,-3.4756761915441,37.0484950623073,4
190928,-3.4678453584195,37.0484950623073,5
190929,-3.46523508071131,37.0484950623073,5
190930,-3.46262480300311,37.0484950623073,5
190931,-3.46001452529491,37.0484950623073,5
190932,-3.45740424758671,37.0484950623073,5
190933,-3.45479396987852,37.0484950623073,5
191599,-3.48863182559237,37.0464117321961,4
191600,-3.48602161952801,37.0464117321961,4
191601,-3.48341141346364,37.0464117321961,4
191602,-3.48080120739928,37.0464117321961,4
191603,-3.47819100133492,37.0464117321961,4
191606,-3.47036038314182,37.0464117321961,5
191607,-3.46775017707746,37.0464117321961,5
191608,-3.4651399710131,37.0464117321961,5
191609,-3.46252976494873,37.0464117321961,5
191610,-3.45991955888437,37.0464117321961,5
191611,-3.45730935282,37.0464117321961,5
191612,-3.45469914675564,37.0464117321961,5
191613,-3.45208894069127,37.0464117321961,5
192283,-3.4754854088284,37.0443284020849,5
192284,-3.47287527440048,37.0443284020849,5
192285,-3.47026513997257,37.0443284020849,5
192286,-3.46765500554465,37.0443284020849,5
192287,-3.46504487111674,37.0443284020849,5
192288,-3.46243473668883,37.0443284020849,5
192289,-3.45982460226091,37.0443284020849,5
192290,-3.457214467833,37.0443284020849,5
192291,-3.45460433340508,37.0443284020849,5
192292,-3.45199419897717,37.0443284020849,5
192957,-3.4884403462108,37.0422450719737,5
192958,-3.48583028341196,37.0422450719737,5
192959,-3.48322022061311,37.0422450719737,5
192960,-3.48061015781426,37.0422450719737,5
192961,-3.47800009501541,37.0422450719737,5
192962,-3.47539003221657,37.0422450719737,5
192963,-3.47277996941772,37.0422450719737,5
192964,-3.47016990661887,37.0422450719737,5
192965,-3.46755984382003,37.0422450719737,5
192966,-3.46494978102118,37.0422450719737,5
192967,-3.46233971822233,37.0422450719737,5
192968,-3.45972965542349,37.0422450719737,5
192969,-3.45711959262464,37.0422450719737,5
192970,-3.45450952982579,37.0422450719737,5
192971,-3.45189946702695,37.0422450719737,5
193634,-3.49356460367414,37.0401617418625,5
193635,-3.49095461249697,37.0401617418625,5
193636,-3.48834462131981,37.0401617418625,5
193637,-3.48573463014265,37.0401617418625,5
193638,-3.48312463896549,37.0401617418625,5
193639,-3.48051464778833,37.0401617418625,5
193640,-3.47790465661117,37.0401617418625,5
193641,-3.47529466543401,37.0401617418625,5
193642,-3.47268467425684,37.0401617418625,5
193643,-3.47007468307968,37.0401617418625,5
193644,-3.46746469190252,37.0401617418625,5
193645,-3.46485470072536,37.0401617418625,5
193646,-3.4622447095482,37.0401617418625,5
193647,-3.45963471837104,37.0401617418625,5
193648,-3.45702472719387,37.0401617418625,5
193649,-3.45441473601671,37.0401617418625,5
194313,-3.49346874541965,37.0380784117513,5
194314,-3.49085882585679,37.0380784117513,5
194315,-3.48824890629393,37.0380784117513,5
194316,-3.48563898673108,37.0380784117513,5
194317,-3.48302906716822,37.0380784117513,5
194318,-3.48041914760536,37.0380784117513,5
194319,-3.4778092280425,37.0380784117513,5
194320,-3.47519930847965,37.0380784117513,5
194321,-3.47258938891679,37.0380784117513,5
194322,-3.46997946935393,37.0380784117513,5
194323,-3.46736954979107,37.0380784117513,5
194324,-3.46475963022822,37.0380784117513,5
194325,-3.46214971066536,37.0380784117513,5
194326,-3.4595397911025,37.0380784117513,5
194327,-3.45692987153965,37.0380784117513,5
194992,-3.49337289704396,37.0359950816401,5
194993,-3.49076304908803,37.0359950816401,5
194994,-3.4881532011321,37.0359950816401,5
194995,-3.48554335317616,37.0359950816401,5
194996,-3.48293350522023,37.0359950816401,5
194997,-3.4803236572643,37.0359950816401,5
194998,-3.47771380930836,37.0359950816401,5
194999,-3.47510396135243,37.0359950816401,5
195000,-3.4724941133965,37.0359950816401,5
195001,-3.46988426544056,37.0359950816401,5
195002,-3.46727441748463,37.0359950816401,5
195003,-3.4646645695287,37.0359950816401,5
195004,-3.46205472157276,37.0359950816401,5
195005,-3.45944487361683,37.0359950816401,5
195671,-3.49327705854602,37.0339117515289,5
195672,-3.49066728218963,37.0339117515289,5
195673,-3.48805750583324,37.0339117515289,5
195674,-3.48544772947685,37.0339117515289,5
195675,-3.48283795312047,37.0339117515289,5
195676,-3.48022817676408,37.0339117515289,5
195677,-3.47761840040769,37.0339117515289,5
195678,-3.4750086240513,37.0339117515289,5
195679,-3.47239884769491,37.0339117515289,5
195680,-3.46978907133852,37.0339117515289,5
195681,-3.46717929498213,37.0339117515289,5
195682,-3.46456951862574,37.0339117515289,5
195683,-3.46195974226935,37.0339117515289,5
195684,-3.45934996591297,37.0339117515289,5
196350,-3.49318122992475,37.0318284214177,5
196351,-3.49057152516053,37.0318284214177,5
196352,-3.4879618203963,37.0318284214177,5
196353,-3.48535211563208,37.0318284214177,5
196354,-3.48274241086786,37.0318284214177,5
196355,-3.48013270610363,37.0318284214177,5
196356,-3.47752300133941,37.0318284214177,5
196357,-3.47491329657519,37.0318284214177,5
196358,-3.47230359181096,37.0318284214177,5
196359,-3.46969388704674,37.0318284214177,5
196360,-3.46708418228252,37.0318284214177,5
196361,-3.46447447751829,37.0318284214177,5
196362,-3.46186477275407,37.0318284214177,5
196363,-3.45925506798985,37.0318284214177,5
197030,-3.49047577799965,37.0297450913065,5
197031,-3.48786614482021,37.0297450913065,5
197032,-3.48525651164078,37.0297450913065,5
197033,-3.48264687846134,37.0297450913065,5
197034,-3.48003724528191,37.0297450913065,5
197035,-3.47742761210247,37.0297450913065,5
197036,-3.47481797892304,37.0297450913065,5
197037,-3.4722083457436,37.0297450913065,5
197038,-3.46959871256417,37.0297450913065,5
197039,-3.46698907938473,37.0297450913065,5
197040,-3.4643794462053,37.0297450913065,5
197041,-3.46176981302586,37.0297450913065,5
197042,-3.45916017984642,37.0297450913065,5
197709,-3.49038004070594,37.0276617611953,5
197710,-3.48777047910391,37.0276617611953,5
197711,-3.48516091750189,37.0276617611953,5
197712,-3.48255135589986,37.0276617611953,5
197713,-3.47994179429784,37.0276617611953,5
197714,-3.47733223269581,37.0276617611953,5
197715,-3.47472267109379,37.0276617611953,5
197716,-3.47211310949176,37.0276617611953,5
197717,-3.46950354788974,37.0276617611953,5
197718,-3.46689398628771,37.0276617611953,5
197844,-3.13808922443259,37.0276617611953,9
197845,-3.13547966283057,37.0276617611953,9
197846,-3.13287010122855,37.0276617611953,9
197847,-3.13026053962652,37.0276617611953,9
198389,-3.48767482324633,37.0255784310841,5
198390,-3.48506533321434,37.0255784310841,5
198391,-3.48245584318235,37.0255784310841,5
198392,-3.47984635315036,37.0255784310841,5
198393,-3.47723686311837,37.0255784310841,5
198522,-3.14061264899161,37.0255784310841,9
198523,-3.13800315895961,37.0255784310841,9
198524,-3.13539366892762,37.0255784310841,9
198525,-3.13278417889563,37.0255784310841,9
198526,-3.13017468886364,37.0255784310841,9
198527,-3.12756519883165,37.0255784310841,9
199200,-3.14313593929463,37.0234951009729,9
199201,-3.1405265208253,37.0234951009729,9
199202,-3.13791710235597,37.0234951009729,9
199203,-3.13530768388664,37.0234951009729,9
199204,-3.13269826541731,37.0234951009729,9
199205,-3.13008884694798,37.0234951009729,9
199206,-3.12747942847865,37.0234951009729,9
199879,-3.1430497484488,37.0214117708617,9
199880,-3.14044040153476,37.0214117708617,9
199881,-3.13783105462071,37.0214117708617,9
199882,-3.13522170770666,37.0214117708617,9
199883,-3.13261236079261,37.0214117708617,9
199884,-3.13000301387857,37.0214117708617,9
200557,-3.14557284185128,37.0193284407505,9
200558,-3.14296356648514,37.0193284407505,9
200559,-3.140354291119,37.0193284407505,9
200560,-3.13774501575287,37.0193284407505,9
200561,-3.13513574038673,37.0193284407505,9
200562,-3.13252646502059,37.0193284407505,9
200563,-3.12991718965445,37.0193284407505,9
201236,-3.14548659722829,37.0172451106393,9
201237,-3.14287739340269,37.0172451106393,9
201238,-3.14026818957709,37.0172451106393,9
201239,-3.13765898575149,37.0172451106393,9
201240,-3.13504978192589,37.0172451106393,9
201241,-3.13244057810029,37.0172451106393,9
201242,-3.12983137427469,37.0172451106393,9
201915,-3.14540036149293,37.0151617805281,9
201916,-3.14279122920049,37.0151617805281,9
201917,-3.14018209690806,37.0151617805281,9
201918,-3.13757296461562,37.0151617805281,9
201919,-3.13496383232319,37.0151617805281,9
201920,-3.13235470003075,37.0151617805281,9
201921,-3.12974556773831,37.0151617805281,9
202595,-3.14270507387759,37.0130784504169,9
202596,-3.14009601311095,37.0130784504169,9
202597,-3.1374869523443,37.0130784504169,9
202598,-3.13487789157766,37.0130784504169,9
203868,-3.36429079752512,37.0089117901944,7
203869,-3.36168187978795,37.0089117901944,7
204545,-3.36941628348826,37.0068284600832,7
204546,-3.36680743725477,37.0068284600832,7
204547,-3.36419859102129,37.0068284600832,7
204548,-3.3615897447878,37.0068284600832,7
204549,-3.35898089855432,37.0068284600832,7
204550,-3.35637205232083,37.0068284600832,7
205224,-3.36932394349357,37.004745129972,7
205225,-3.3667151687564,37.004745129972,7
205226,-3.36410639401923,37.004745129972,7
205227,-3.36149761928206,37.004745129972,7
205228,-3.35888884454489,37.004745129972,7
205229,-3.35628006980772,37.004745129972,7
205903,-3.36923161301436,37.0026617998608,7
205904,-3.36662290976614,37.0026617998608,7
205905,-3.36401420651792,37.0026617998608,7
205906,-3.36140550326969,37.0026617998608,7
205907,-3.35879680002147,37.0026617998608,7
205908,-3.35618809677325,37.0026617998608,7
205909,-3.35357939352503,37.0026617998608,7
205910,-3.3509706902768,37.0026617998608,7
206582,-3.36913929204962,37.0005784697496,7
206583,-3.36653066028298,37.0005784697496,7
206584,-3.36392202851633,37.0005784697496,7
206585,-3.36131339674969,37.0005784697496,7
206586,-3.35870476498305,37.0005784697496,7
206587,-3.35609613321641,37.0005784697496,7
206588,-3.35348750144977,37.0005784697496,7
206589,-3.35087886968312,37.0005784697496,7
206590,-3.34827023791648,37.0005784697496,7
206611,-3.29348897081699,37.0005784697496,8
207262,-3.36643842030588,36.9984951396384,7
207263,-3.36382986001345,36.9984951396384,7
207264,-3.36122129972102,36.9984951396384,7
207265,-3.3586127394286,36.9984951396384,7
207266,-3.35600417913617,36.9984951396384,7
207267,-3.35339561884374,36.9984951396384,7
207268,-3.35078705855131,36.9984951396384,7
207269,-3.34817849825888,36.9984951396384,7
207289,-3.29600729241033,36.9984951396384,8
207290,-3.2933987321179,36.9984951396384,8
207291,-3.29079017182547,36.9984951396384,8
207292,-3.28818161153304,36.9984951396384,8
207942,-3.36373770100825,36.9964118095272,7
207943,-3.36112921218267,36.9964118095272,7
207944,-3.35852072335709,36.9964118095272,7
207945,-3.35591223453151,36.9964118095272,7
207946,-3.35330374570593,36.9964118095272,7
207947,-3.35069525688035,36.9964118095272,7
207948,-3.34808676805477,36.9964118095272,7
207967,-3.29852548036878,36.9964118095272,8
207968,-3.2959169915432,36.9964118095272,8
207969,-3.29330850271762,36.9964118095272,8
207970,-3.29070001389205,36.9964118095272,8
207971,-3.28809152506647,36.9964118095272,8
208620,-3.36625396886579,36.994328479416,7
208621,-3.36364555149969,36.994328479416,7
208622,-3.3610371341336,36.994328479416,7
208623,-3.35842871676751,36.994328479416,7
208624,-3.35582029940141,36.994328479416,7
208625,-3.35321188203532,36.994328479416,7
208626,-3.35060346466922,36.994328479416,7
208627,-3.34799504730313,36.994328479416,7
208645,-3.30104353471344,36.994328479416,8
208646,-3.29843511734735,36.994328479416,8
208647,-3.29582669998126,36.994328479416,8
208648,-3.29321828261516,36.994328479416,8
208649,-3.29060986524907,36.994328479416,8
208650,-3.28800144788298,36.994328479416,8
208651,-3.28539303051688,36.994328479416,8
208655,-3.27495936105251,36.994328479416,8
208656,-3.27235094368641,36.994328479416,8
208657,-3.26974252632032,36.994328479416,8
208658,-3.26713410895422,36.994328479416,8
209297,-3.37137844922869,36.9922451493048,7
209298,-3.36877010331471,36.9922451493048,7
209299,-3.36616175740074,36.9922451493048,7
209300,-3.36355341148677,36.9922451493048,7
209301,-3.3609450655728,36.9922451493048,7
209302,-3.35833671965882,36.9922451493048,7
209303,-3.35572837374485,36.9922451493048,7
209304,-3.35312002783088,36.9922451493048,7
209305,-3.35051168191691,36.9922451493048,7
209324,-3.30095310955143,36.9922451493048,8
209325,-3.29834476363746,36.9922451493048,8
209326,-3.29573641772348,36.9922451493048,8
209327,-3.29312807180951,36.9922451493048,8
209328,-3.29051972589554,36.9922451493048,8
209329,-3.28791137998157,36.9922451493048,8
209330,-3.28530303406759,36.9922451493048,8
209331,-3.28269468815362,36.9922451493048,8
209334,-3.2748696504117,36.9922451493048,8
209335,-3.27226130449773,36.9922451493048,8
209336,-3.26965295858376,36.9922451493048,8
209337,-3.26704461266979,36.9922451493048,8
209338,-3.26443626675581,36.9922451493048,8
209975,-3.37389437884531,36.9901618191936,7
209976,-3.37128610437609,36.9901618191936,7
209977,-3.36867782990688,36.9901618191936,7
209978,-3.36606955543766,36.9901618191936,7
209979,-3.36346128096845,36.9901618191936,7
209980,-3.36085300649924,36.9901618191936,7
209981,-3.35824473203002,36.9901618191936,7
209982,-3.35563645756081,36.9901618191936,7
209983,-3.35302818309159,36.9901618191936,7
210003,-3.30086269370731,36.9901618191936,8
210004,-3.2982544192381,36.9901618191936,8
210005,-3.29564614476888,36.9901618191936,8
210006,-3.29303787029967,36.9901618191936,8
210007,-3.29042959583046,36.9901618191936,8
210008,-3.28782132136124,36.9901618191936,8
210009,-3.28521304689203,36.9901618191936,8
210010,-3.28260477242281,36.9901618191936,8
210011,-3.2799964979536,36.9901618191936,8
210013,-3.27477994901517,36.9901618191936,8
210014,-3.27217167454596,36.9901618191936,8
210015,-3.26956340007674,36.9901618191936,8
210016,-3.26695512560753,36.9901618191936,8
210017,-3.26434685113832,36.9901618191936,8
210653,-3.3764101751028,36.9880784890824,7
210654,-3.37380197207098,36.9880784890824,7
210655,-3.37119376903916,36.9880784890824,7
210656,-3.36858556600734,36.9880784890824,7
210657,-3.36597736297553,36.9880784890824,7
210658,-3.36336915994371,36.9880784890824,7
210659,-3.36076095691189,36.9880784890824,7
210660,-3.35815275388007,36.9880784890824,7
210661,-3.35554455084826,36.9880784890824,7
210662,-3.35293634781644,36.9880784890824,7
210682,-3.30077228718009,36.9880784890824,8
210683,-3.29816408414827,36.9880784890824,8
210684,-3.29555588111645,36.9880784890824,8
210685,-3.29294767808463,36.9880784890824,8
210686,-3.29033947505282,36.9880784890824,8
210687,-3.287731272021,36.9880784890824,8
210688,-3.28512306898918,36.9880784890824,8
210689,-3.28251486595736,36.9880784890824,8
210690,-3.27990666292555,36.9880784890824,8
210691,-3.27729845989373,36.9880784890824,8
210692,-3.27469025686191,36.9880784890824,8
210693,-3.27208205383009,36.9880784890824,8
210694,-3.26947385079828,36.9880784890824,8
210695,-3.26686564776646,36.9880784890824,8
210696,-3.26425744473464,36.9880784890824,8
211331,-3.37892583802222,36.9859951589712,7
211332,-3.37631770642044,36.9859951589712,7
211333,-3.37370957481866,36.9859951589712,7
211334,-3.37110144321688,36.9859951589712,7
211335,-3.36849331161509,36.9859951589712,7
211336,-3.36588518001331,36.9859951589712,7
211337,-3.36327704841153,36.9859951589712,7
211338,-3.36066891680975,36.9859951589712,7
211339,-3.35806078520796,36.9859951589712,7
211340,-3.35545265360618,36.9859951589712,7
211341,-3.3528445220044,36.9859951589712,7
211361,-3.30068188996875,36.9859951589712,8
211362,-3.29807375836697,36.9859951589712,8
211363,-3.29546562676519,36.9859951589712,8
211364,-3.2928574951634,36.9859951589712,8
211365,-3.29024936356162,36.9859951589712,8
211366,-3.28764123195984,36.9859951589712,8
211367,-3.28503310035806,36.9859951589712,8
211368,-3.28242496875627,36.9859951589712,8
211369,-3.27981683715449,36.9859951589712,8
211370,-3.27720870555271,36.9859951589712,8
211371,-3.27460057395093,36.9859951589712,8
211372,-3.27199244234914,36.9859951589712,8
211373,-3.26938431074736,36.9859951589712,8
211374,-3.26677617914558,36.9859951589712,8
211375,-3.2641680475438,36.9859951589712,8
212009,-3.38144136762463,36.98391182886,7
212010,-3.37883330744553,36.98391182886,7
212011,-3.37622524726642,36.98391182886,7
212012,-3.37361718708731,36.98391182886,7
212013,-3.3710091269082,36.98391182886,7
212014,-3.36840106672909,36.98391182886,7
212015,-3.36579300654999,36.98391182886,7
212016,-3.36318494637088,36.98391182886,7
212017,-3.36057688619177,36.98391182886,7
212018,-3.35796882601266,36.98391182886,7
212019,-3.35536076583356,36.98391182886,7
212020,-3.35275270565445,36.98391182886,7
212040,-3.3005915020723,36.98391182886,8
212041,-3.29798344189319,36.98391182886,8
212042,-3.29537538171408,36.98391182886,8
212043,-3.29276732153497,36.98391182886,8
212044,-3.29015926135587,36.98391182886,8
212045,-3.28755120117676,36.98391182886,8
212046,-3.28494314099765,36.98391182886,8
212047,-3.28233508081854,36.98391182886,8
212048,-3.27972702063943,36.98391182886,8
212049,-3.27711896046033,36.98391182886,8
212050,-3.27451090028122,36.98391182886,8
212051,-3.27190284010211,36.98391182886,8
212052,-3.269294779923,36.98391182886,8
212053,-3.2666867197439,36.98391182886,8
212688,-3.38134877516729,36.9818284987488,7
212689,-3.3787407864035,36.9818284987488,7
212690,-3.3761327976397,36.9818284987488,7
212691,-3.37352480887591,36.9818284987488,7
212692,-3.37091682011212,36.9818284987488,7
212693,-3.36830883134833,36.9818284987488,7
212694,-3.36570084258453,36.9818284987488,7
212695,-3.36309285382074,36.9818284987488,7
212696,-3.36048486505695,36.9818284987488,7
212697,-3.35787687629316,36.9818284987488,7
212698,-3.35526888752936,36.9818284987488,7
212699,-3.35266089876557,36.9818284987488,7
212720,-3.29789313472593,36.9818284987488,8
212721,-3.29528514596214,36.9818284987488,8
212722,-3.29267715719834,36.9818284987488,8
212723,-3.29006916843455,36.9818284987488,8
212724,-3.28746117967076,36.9818284987488,8
212725,-3.28485319090697,36.9818284987488,8
212726,-3.28224520214317,36.9818284987488,8
212727,-3.27963721337938,36.9818284987488,8
212728,-3.27702922461559,36.9818284987488,8
212729,-3.2744212358518,36.9818284987488,8
212730,-3.271813247088,36.9818284987488,8
212731,-3.26920525832421,36.9818284987488,8
213366,-3.38386410960678,36.9797451686376,7
213367,-3.38125619225094,36.9797451686376,7
213368,-3.37864827489511,36.9797451686376,7
213369,-3.37604035753927,36.9797451686376,7
213370,-3.37343244018343,36.9797451686376,7
213371,-3.3708245228276,36.9797451686376,7
213372,-3.36821660547176,36.9797451686376,7
213373,-3.36560868811593,36.9797451686376,7
213374,-3.36300077076009,36.9797451686376,7
213375,-3.36039285340425,36.9797451686376,7
213376,-3.35778493604842,36.9797451686376,7
213377,-3.35517701869258,36.9797451686376,7
213378,-3.35256910133675,36.9797451686376,7
213400,-3.29519491950835,36.9797451686376,8
213401,-3.29258700215251,36.9797451686376,8
213402,-3.28997908479668,36.9797451686376,8
213403,-3.28737116744084,36.9797451686376,8
213404,-3.284763250085,36.9797451686376,8
213405,-3.28215533272917,36.9797451686376,8
213406,-3.27954741537333,36.9797451686376,8
213407,-3.2769394980175,36.9797451686376,8
213408,-3.27433158066166,36.9797451686376,8
213409,-3.27172366330582,36.9797451686376,8
214045,-3.38377146482981,36.9776618385264,7
214046,-3.38116361887457,36.9776618385264,7
214047,-3.37855577291933,36.9776618385264,7
214048,-3.37594792696409,36.9776618385264,7
214049,-3.37334008100885,36.9776618385264,7
214050,-3.37073223505362,36.9776618385264,7
214051,-3.36812438909838,36.9776618385264,7
214052,-3.36551654314314,36.9776618385264,7
214053,-3.3629086971879,36.9776618385264,7
214054,-3.36030085123267,36.9776618385264,7
214055,-3.35769300527743,36.9776618385264,7
214056,-3.35508515932219,36.9776618385264,7
214078,-3.29771254830695,36.9776618385264,8
214079,-3.29510470235172,36.9776618385264,8
214080,-3.29249685639648,36.9776618385264,8
214081,-3.28988901044124,36.9776618385264,8
214082,-3.287281164486,36.9776618385264,8
214083,-3.28467331853076,36.9776618385264,8
214084,-3.28206547257553,36.9776618385264,8
214085,-3.27945762662029,36.9776618385264,8
214086,-3.27684978066505,36.9776618385264,8
214087,-3.27424193470981,36.9776618385264,8
214088,-3.27163408875457,36.9776618385264,8
214089,-3.26902624279934,36.9776618385264,8
214723,-3.38628660416113,36.9755785084152,7
214724,-3.38367882959913,36.9755785084152,7
214725,-3.38107105503714,36.9755785084152,7
214726,-3.37846328047514,36.9755785084152,7
214727,-3.37585550591314,36.9755785084152,7
214728,-3.37324773135115,36.9755785084152,7
214729,-3.37063995678915,36.9755785084152,7
214730,-3.36803218222715,36.9755785084152,7
214731,-3.36542440766515,36.9755785084152,7
214732,-3.36281663310316,36.9755785084152,7
214733,-3.36020885854116,36.9755785084152,7
214734,-3.35760108397916,36.9755785084152,7
214757,-3.29762226905323,36.9755785084152,8
214758,-3.29501449449124,36.9755785084152,8
214759,-3.29240671992924,36.9755785084152,8
214760,-3.28979894536724,36.9755785084152,8
214761,-3.28719117080525,36.9755785084152,8
214762,-3.28458339624325,36.9755785084152,8
214763,-3.28197562168125,36.9755785084152,8
214764,-3.27936784711925,36.9755785084152,8
214765,-3.27676007255726,36.9755785084152,8
214766,-3.27415229799526,36.9755785084152,8
214767,-3.27154452343326,36.9755785084152,8
214768,-3.26893674887127,36.9755785084152,8
215389,-3.42009404837931,36.973495178304,6
215390,-3.41748634520319,36.973495178304,6
215391,-3.41487864202708,36.973495178304,6
215392,-3.41227093885097,36.973495178304,6
215401,-3.38880161026596,36.973495178304,7
215402,-3.38619390708984,36.973495178304,7
215403,-3.38358620391373,36.973495178304,7
215404,-3.38097850073762,36.973495178304,7
215405,-3.37837079756151,36.973495178304,7
215406,-3.37576309438539,36.973495178304,7
215407,-3.37315539120928,36.973495178304,7
215408,-3.37054768803317,36.973495178304,7
215409,-3.36793998485706,36.973495178304,7
215410,-3.36533228168094,36.973495178304,7
215411,-3.36272457850483,36.973495178304,7
215412,-3.36011687532872,36.973495178304,7
215413,-3.35750917215261,36.973495178304,7
215436,-3.29753199910202,36.973495178304,8
215437,-3.29492429592591,36.973495178304,8
215438,-3.2923165927498,36.973495178304,8
215439,-3.28970888957368,36.973495178304,8
215440,-3.28710118639757,36.973495178304,8
215441,-3.28449348322146,36.973495178304,8
215442,-3.28188578004535,36.973495178304,8
215443,-3.27927807686923,36.973495178304,8
215444,-3.27667037369312,36.973495178304,8
215445,-3.27406267051701,36.973495178304,8
215446,-3.2714549673409,36.973495178304,8
215447,-3.26884726416478,36.973495178304,8
216067,-3.42260806473633,36.9714118481928,6
216068,-3.42000043293874,36.9714118481928,6
216069,-3.41739280114116,36.9714118481928,6
216070,-3.41478516934357,36.9714118481928,6
216071,-3.41217753754599,36.9714118481928,6
216072,-3.40956990574841,36.9714118481928,6
216079,-3.39131648316532,36.9714118481928,7
216080,-3.38870885136774,36.9714118481928,7
216081,-3.38610121957015,36.9714118481928,7
216082,-3.38349358777257,36.9714118481928,7
216083,-3.38088595597499,36.9714118481928,7
216084,-3.3782783241774,36.9714118481928,7
216085,-3.37567069237982,36.9714118481928,7
216086,-3.37306306058224,36.9714118481928,7
216087,-3.37045542878465,36.9714118481928,7
216088,-3.36784779698707,36.9714118481928,7
216089,-3.36524016518949,36.9714118481928,7
216090,-3.3626325333919,36.9714118481928,7
216091,-3.36002490159432,36.9714118481928,7
216114,-3.3000493702499,36.9714118481928,8
216115,-3.29744173845231,36.9714118481928,8
216116,-3.29483410665473,36.9714118481928,8
216117,-3.29222647485714,36.9714118481928,8
216118,-3.28961884305956,36.9714118481928,8
216119,-3.28701121126198,36.9714118481928,8
216120,-3.28440357946439,36.9714118481928,8
216121,-3.28179594766681,36.9714118481928,8
216122,-3.27918831586923,36.9714118481928,8
216123,-3.27658068407164,36.9714118481928,8
216124,-3.27397305227406,36.9714118481928,8
216125,-3.27136542047648,36.9714118481928,8
216126,-3.26875778867889,36.9714118481928,8
216744,-3.42772950842359,36.9693285180815,6
216745,-3.42512194799718,36.9693285180815,6
216746,-3.42251438757077,36.9693285180815,6
216747,-3.41990682714436,36.9693285180815,6
216748,-3.41729926671795,36.9693285180815,6
216749,-3.41469170629154,36.9693285180815,6
216750,-3.41208414586513,36.9693285180815,6
216751,-3.40947658543872,36.9693285180815,6
216752,-3.40686902501231,36.9693285180815,6
216758,-3.39122366245385,36.9693285180815,7
216759,-3.38861610202744,36.9693285180815,7
216760,-3.38600854160103,36.9693285180815,7
216761,-3.38340098117462,36.9693285180815,7
216762,-3.38079342074821,36.9693285180815,7
216763,-3.37818586032181,36.9693285180815,7
216764,-3.37557829989539,36.9693285180815,7
216765,-3.37297073946899,36.9693285180815,7
216766,-3.37036317904258,36.9693285180815,7
216769,-3.36254049776335,36.9693285180815,7
216792,-3.30256660795592,36.9693285180815,8
216793,-3.29995904752952,36.9693285180815,8
216794,-3.29735148710311,36.9693285180815,8
216795,-3.2947439266767,36.9693285180815,8
216796,-3.29213636625029,36.9693285180815,8
216797,-3.28952880582388,36.9693285180815,8
216798,-3.28692124539747,36.9693285180815,8
216799,-3.28431368497106,36.9693285180815,8
216800,-3.28170612454465,36.9693285180815,8
216801,-3.27909856411824,36.9693285180815,8
216802,-3.27649100369183,36.9693285180815,8
216803,-3.27388344326542,36.9693285180815,8
216804,-3.27127588283901,36.9693285180815,8
216805,-3.2686683224126,36.9693285180815,8
217422,-3.43024318724548,36.9672451879703,6
217423,-3.42763569818289,36.9672451879703,6
217424,-3.4250282091203,36.9672451879703,6
217425,-3.42242072005771,36.9672451879703,6
217426,-3.41981323099512,36.9672451879703,6
217427,-3.41720574193253,36.9672451879703,6
217428,-3.41459825286994,36.9672451879703,6
217429,-3.41199076380735,36.9672451879703,6
217430,-3.40938327474476,36.9672451879703,6
217431,-3.40677578568217,36.9672451879703,6
217436,-3.39373834036922,36.9672451879703,7
217437,-3.39113085130663,36.9672451879703,7
217438,-3.38852336224404,36.9672451879703,7
217439,-3.38591587318145,36.9672451879703,7
217440,-3.38330838411886,36.9672451879703,7
217441,-3.38070089505627,36.9672451879703,7
217442,-3.37809340599368,36.9672451879703,7
217443,-3.37548591693109,36.9672451879703,7
217444,-3.3728784278685,36.9672451879703,7
217445,-3.37027093880591,36.9672451879703,7
217469,-3.30769120130376,36.9672451879703,8
217470,-3.30508371224117,36.9672451879703,8
217471,-3.30247622317858,36.9672451879703,8
217472,-3.29986873411599,36.9672451879703,8
217473,-3.2972612450534,36.9672451879703,8
217474,-3.29465375599081,36.9672451879703,8
217475,-3.29204626692822,36.9672451879703,8
217476,-3.28943877786563,36.9672451879703,8
217477,-3.28683128880304,36.9672451879703,8
217478,-3.28422379974045,36.9672451879703,8
217479,-3.28161631067786,36.9672451879703,8
217480,-3.27900882161527,36.9672451879703,8
217481,-3.27640133255268,36.9672451879703,8
217482,-3.27379384349009,36.9672451879703,8
217483,-3.2711863544275,36.9672451879703,8
218098,-3.43797156843284,36.9651618578591,6
218099,-3.43536415072672,36.9651618578591,6
218100,-3.4327567330206,36.9651618578591,6
218101,-3.43014931531447,36.9651618578591,6
218102,-3.42754189760835,36.9651618578591,6
218103,-3.42493447990223,36.9651618578591,6
218104,-3.4223270621961,36.9651618578591,6
218105,-3.41971964448998,36.9651618578591,6
218106,-3.41711222678386,36.9651618578591,6
218107,-3.41450480907773,36.9651618578591,6
218108,-3.41189739137161,36.9651618578591,6
218109,-3.40928997366549,36.9651618578591,6
218110,-3.40668255595936,36.9651618578591,6
218115,-3.39364546742875,36.9651618578591,7
218116,-3.39103804972263,36.9651618578591,7
218117,-3.3884306320165,36.9651618578591,7
218118,-3.38582321431038,36.9651618578591,7
218119,-3.38321579660426,36.9651618578591,7
218120,-3.38060837889813,36.9651618578591,7
218121,-3.37800096119201,36.9651618578591,7
218122,-3.37539354348589,36.9651618578591,7
218123,-3.37278612577976,36.9651618578591,7
218124,-3.37017870807364,36.9651618578591,7
218147,-3.31020810083281,36.9651618578591,8
218148,-3.30760068312668,36.9651618578591,8
218149,-3.30499326542056,36.9651618578591,8
218150,-3.30238584771444,36.9651618578591,8
218151,-3.29977843000831,36.9651618578591,8
218152,-3.29717101230219,36.9651618578591,8
218153,-3.29456359459607,36.9651618578591,8
218154,-3.29195617688994,36.9651618578591,8
218155,-3.28934875918382,36.9651618578591,8
218156,-3.2867413414777,36.9651618578591,8
218157,-3.28413392377157,36.9651618578591,8
218158,-3.28152650606545,36.9651618578591,8
218159,-3.27891908835933,36.9651618578591,8
218160,-3.27631167065321,36.9651618578591,8
218161,-3.27370425294708,36.9651618578591,8
218776,-3.44048483848398,36.9630785277479,6
218777,-3.43787749212697,36.9630785277479,6
218778,-3.43527014576996,36.9630785277479,6
218779,-3.43266279941295,36.9630785277479,6
218780,-3.43005545305594,36.9630785277479,6
218781,-3.42744810669893,36.9630785277479,6
218782,-3.42484076034192,36.9630785277479,6
218783,-3.42223341398491,36.9630785277479,6
218784,-3.41962606762791,36.9630785277479,6
218785,-3.4170187212709,36.9630785277479,6
218786,-3.41441137491389,36.9630785277479,6
218787,-3.41180402855688,36.9630785277479,6
218788,-3.40919668219987,36.9630785277479,6
218789,-3.40658933584286,36.9630785277479,6
218794,-3.39355260405781,36.9630785277479,7
218795,-3.39094525770081,36.9630785277479,7
218796,-3.3883379113438,36.9630785277479,7
218797,-3.38573056498679,36.9630785277479,7
218798,-3.38312321862978,36.9630785277479,7
218799,-3.38051587227277,36.9630785277479,7
218800,-3.37790852591576,36.9630785277479,7
218801,-3.37530117955875,36.9630785277479,7
218802,-3.37269383320174,36.9630785277479,7
218803,-3.37008648684473,36.9630785277479,7
218826,-3.31011752063352,36.9630785277479,8
218827,-3.30751017427651,36.9630785277479,8
218828,-3.30490282791951,36.9630785277479,8
218829,-3.3022954815625,36.9630785277479,8
218830,-3.29968813520549,36.9630785277479,8
218831,-3.29708078884848,36.9630785277479,8
218832,-3.29447344249147,36.9630785277479,8
218833,-3.29186609613446,36.9630785277479,8
218834,-3.28925874977745,36.9630785277479,8
218835,-3.28665140342044,36.9630785277479,8
219454,-3.44299797554508,36.9609951976367,6
219455,-3.44039070052983,36.9609951976367,6
219456,-3.43778342551458,36.9609951976367,6
219457,-3.43517615049934,36.9609951976367,6
219458,-3.43256887548409,36.9609951976367,6
219459,-3.42996160046884,36.9609951976367,6
219460,-3.4273543254536,36.9609951976367,6
219461,-3.42474705043835,36.9609951976367,6
219462,-3.4221397754231,36.9609951976367,6
219463,-3.41953250040786,36.9609951976367,6
219464,-3.41692522539261,36.9609951976367,6
219465,-3.41431795037736,36.9609951976367,6
219466,-3.41171067536212,36.9609951976367,6
219467,-3.40910340034687,36.9609951976367,6
219468,-3.40649612533162,36.9609951976367,6
219473,-3.39345975025539,36.9609951976367,7
219474,-3.39085247524014,36.9609951976367,7
219475,-3.38824520022489,36.9609951976367,7
219476,-3.38563792520965,36.9609951976367,7
219477,-3.3830306501944,36.9609951976367,7
219478,-3.38042337517915,36.9609951976367,7
219479,-3.37781610016391,36.9609951976367,7
219480,-3.37520882514866,36.9609951976367,7
219481,-3.37260155013341,36.9609951976367,7
219505,-3.31002694976749,36.9609951976367,8
219506,-3.30741967475225,36.9609951976367,8
219507,-3.304812399737,36.9609951976367,8
219508,-3.30220512472175,36.9609951976367,8
219509,-3.29959784970651,36.9609951976367,8
219510,-3.29699057469126,36.9609951976367,8
219511,-3.29438329967601,36.9609951976367,8
219512,-3.29177602466077,36.9609951976367,8
219513,-3.28916874964552,36.9609951976367,8
219514,-3.28656147463027,36.9609951976367,8
220131,-3.44811818331798,36.9589118675255,6
220132,-3.44551097963714,36.9589118675255,6
220133,-3.44290377595631,36.9589118675255,6
220134,-3.44029657227547,36.9589118675255,6
220135,-3.43768936859464,36.9589118675255,6
220136,-3.4350821649138,36.9589118675255,6
220137,-3.43247496123297,36.9589118675255,6
220138,-3.42986775755213,36.9589118675255,6
220139,-3.4272605538713,36.9589118675255,6
220140,-3.42465335019046,36.9589118675255,6
220141,-3.42204614650963,36.9589118675255,6
220142,-3.41943894282879,36.9589118675255,6
220143,-3.41683173914796,36.9589118675255,6
220144,-3.41422453546712,36.9589118675255,6
220145,-3.41161733178629,36.9589118675255,6
220146,-3.40901012810545,36.9589118675255,6
220147,-3.40640292442462,36.9589118675255,6
220151,-3.39597410970127,36.9589118675255,7
220152,-3.39336690602044,36.9589118675255,7
220153,-3.3907597023396,36.9589118675255,7
220154,-3.38815249865877,36.9589118675255,7
220155,-3.38554529497793,36.9589118675255,7
220156,-3.3829380912971,36.9589118675255,7
220157,-3.38033088761626,36.9589118675255,7
220158,-3.37772368393543,36.9589118675255,7
220159,-3.37511648025459,36.9589118675255,7
220162,-3.36729486921209,36.9589118675255,7
220163,-3.36468766553125,36.9589118675255,7
220184,-3.30993638823371,36.9589118675255,8
220185,-3.30732918455288,36.9589118675255,8
220186,-3.30472198087204,36.9589118675255,8
220187,-3.3021147771912,36.9589118675255,8
220188,-3.29950757351037,36.9589118675255,8
220189,-3.29690036982953,36.9589118675255,8
220190,-3.2942931661487,36.9589118675255,8
220191,-3.29168596246786,36.9589118675255,8
220192,-3.28907875878703,36.9589118675255,8
220193,-3.28647155510619,36.9589118675255,8
220194,-3.28386435142536,36.9589118675255,8
220810,-3.44802385078119,36.9568285374143,6
220811,-3.44541671842741,36.9568285374143,6
220812,-3.44280958607364,36.9568285374143,6
220813,-3.44020245371986,36.9568285374143,6
220814,-3.43759532136609,36.9568285374143,6
220815,-3.43498818901232,36.9568285374143,6
220816,-3.43238105665854,36.9568285374143,6
220817,-3.42977392430477,36.9568285374143,6
220818,-3.427166791951,36.9568285374143,6
220819,-3.42455965959722,36.9568285374143,6
220820,-3.42195252724345,36.9568285374143,6
220821,-3.41934539488967,36.9568285374143,6
220822,-3.4167382625359,36.9568285374143,6
220823,-3.41413113018213,36.9568285374143,6
220824,-3.41152399782835,36.9568285374143,6
220825,-3.40891686547458,36.9568285374143,6
220826,-3.4063097331208,36.9568285374143,6
220829,-3.39848833605948,36.9568285374143,7
220830,-3.39588120370571,36.9568285374143,7
220831,-3.39327407135193,36.9568285374143,7
220832,-3.39066693899816,36.9568285374143,7
220833,-3.38805980664439,36.9568285374143,7
220834,-3.38545267429061,36.9568285374143,7
220835,-3.38284554193684,36.9568285374143,7
220836,-3.38023840958306,36.9568285374143,7
220837,-3.37763127722929,36.9568285374143,7
220838,-3.37502414487552,36.9568285374143,7
220839,-3.37241701252174,36.9568285374143,7
220840,-3.36980988016797,36.9568285374143,7
220841,-3.36720274781419,36.9568285374143,7
220842,-3.36459561546042,36.9568285374143,7
220843,-3.36198848310665,36.9568285374143,7
220863,-3.30984583603117,36.9568285374143,8
220864,-3.30723870367739,36.9568285374143,8
220865,-3.30463157132362,36.9568285374143,8
220866,-3.30202443896985,36.9568285374143,8
220867,-3.29941730661607,36.9568285374143,8
220868,-3.2968101742623,36.9568285374143,8
220869,-3.29420304190853,36.9568285374143,8
220870,-3.29159590955475,36.9568285374143,8
220871,-3.28898877720098,36.9568285374143,8
220872,-3.2863816448472,36.9568285374143,8
220873,-3.28377451249343,36.9568285374143,8
221488,-3.45053658899821,36.9547452073031,6
221489,-3.44792952796415,36.9547452073031,6
221490,-3.44532246693008,36.9547452073031,6
221491,-3.44271540589602,36.9547452073031,6
221492,-3.44010834486196,36.9547452073031,6
221493,-3.4375012838279,36.9547452073031,6
221494,-3.43489422279384,36.9547452073031,6
221495,-3.43228716175977,36.9547452073031,6
221496,-3.42968010072571,36.9547452073031,6
221497,-3.42707303969165,36.9547452073031,6
221498,-3.42446597865759,36.9547452073031,6
221499,-3.42185891762353,36.9547452073031,6
221500,-3.41925185658946,36.9547452073031,6
221501,-3.4166447955554,36.9547452073031,6
221502,-3.41403773452134,36.9547452073031,6
221503,-3.41143067348728,36.9547452073031,6
221504,-3.40882361245322,36.9547452073031,6
221505,-3.40621655141915,36.9547452073031,6
221508,-3.39839536831697,36.9547452073031,7
221509,-3.39578830728291,36.9547452073031,7
221510,-3.39318124624885,36.9547452073031,7
221511,-3.39057418521478,36.9547452073031,7
221512,-3.38796712418072,36.9547452073031,7
221513,-3.38536006314666,36.9547452073031,7
221514,-3.3827530021126,36.9547452073031,7
221515,-3.38014594107854,36.9547452073031,7
221516,-3.37753888004447,36.9547452073031,7
221517,-3.37493181901041,36.9547452073031,7
221518,-3.37232475797635,36.9547452073031,7
221519,-3.36971769694229,36.9547452073031,7
221520,-3.36711063590823,36.9547452073031,7
221521,-3.36450357487416,36.9547452073031,7
221522,-3.3618965138401,36.9547452073031,7
221543,-3.3071482321248,36.9547452073031,8
221544,-3.30454117109074,36.9547452073031,8
221545,-3.30193411005668,36.9547452073031,8
221546,-3.29932704902262,36.9547452073031,8
221547,-3.29671998798855,36.9547452073031,8
221548,-3.29411292695449,36.9547452073031,8
221549,-3.29150586592043,36.9547452073031,8
221550,-3.28889880488637,36.9547452073031,8
221551,-3.28629174385231,36.9547452073031,8
221552,-3.28368468281824,36.9547452073031,8
221553,-3.28107762178418,36.9547452073031,8
222168,-3.44783521486581,36.9526618771919,6
222169,-3.44522822514411,36.9526618771919,6
222170,-3.44262123542241,36.9526618771919,6
222171,-3.44001424570071,36.9526618771919,6
222172,-3.43740725597901,36.9526618771919,6
222173,-3.43480026625732,36.9526618771919,6
222174,-3.43219327653562,36.9526618771919,6
222175,-3.42958628681392,36.9526618771919,6
222176,-3.42697929709222,36.9526618771919,6
222177,-3.42437230737052,36.9526618771919,6
222178,-3.42176531764882,36.9526618771919,6
222179,-3.41915832792712,36.9526618771919,6
222180,-3.41655133820543,36.9526618771919,6
222181,-3.41394434848373,36.9526618771919,6
222182,-3.41133735876203,36.9526618771919,6
222183,-3.40873036904033,36.9526618771919,6
222187,-3.39830241015354,36.9526618771919,7
222188,-3.39569542043184,36.9526618771919,7
222189,-3.39308843071014,36.9526618771919,7
222190,-3.39048144098844,36.9526618771919,7
222191,-3.38787445126674,36.9526618771919,7
222192,-3.38526746154505,36.9526618771919,7
222193,-3.38266047182335,36.9526618771919,7
222194,-3.38005348210165,36.9526618771919,7
222195,-3.37744649237995,36.9526618771919,7
222196,-3.37483950265825,36.9526618771919,7
222197,-3.37223251293655,36.9526618771919,7
222198,-3.36962552321485,36.9526618771919,7
222199,-3.36701853349316,36.9526618771919,7
222200,-3.36441154377146,36.9526618771919,7
222201,-3.36180455404976,36.9526618771919,7
222222,-3.30705776989409,36.9526618771919,8
222223,-3.30445078017239,36.9526618771919,8
222224,-3.30184379045069,36.9526618771919,8
222225,-3.299236800729,36.9526618771919,8
222226,-3.2966298110073,36.9526618771919,8
222227,-3.2940228212856,36.9526618771919,8
222228,-3.2914158315639,36.9526618771919,8
222229,-3.2888088418422,36.9526618771919,8
222230,-3.2862018521205,36.9526618771919,8
222231,-3.28359486239881,36.9526618771919,8
222232,-3.28098787267711,36.9526618771919,8
222848,-3.44513399306845,36.9505785470807,6
222849,-3.44252707465176,36.9505785470807,6
222850,-3.43992015623508,36.9505785470807,6
222851,-3.4373132378184,36.9505785470807,6
222852,-3.43470631940171,36.9505785470807,6
222853,-3.43209940098503,36.9505785470807,6
222854,-3.42949248256835,36.9505785470807,6
222855,-3.42688556415167,36.9505785470807,6
222856,-3.42427864573498,36.9505785470807,6
222857,-3.4216717273183,36.9505785470807,6
222858,-3.41906480890162,36.9505785470807,6
222859,-3.41645789048494,36.9505785470807,6
222860,-3.41385097206825,36.9505785470807,6
222861,-3.41124405365157,36.9505785470807,6
222862,-3.40863713523489,36.9505785470807,6
222864,-3.40342329840152,36.9505785470807,7
222865,-3.40081637998484,36.9505785470807,7
222866,-3.39820946156816,36.9505785470807,7
222867,-3.39560254315147,36.9505785470807,7
222868,-3.39299562473479,36.9505785470807,7
222869,-3.39038870631811,36.9505785470807,7
222870,-3.38778178790143,36.9505785470807,7
222871,-3.38517486948474,36.9505785470807,7
222872,-3.38256795106806,36.9505785470807,7
222873,-3.37996103265138,36.9505785470807,7
222874,-3.37735411423469,36.9505785470807,7
222875,-3.37474719581801,36.9505785470807,7
222876,-3.37214027740133,36.9505785470807,7
222877,-3.36953335898465,36.9505785470807,7
222878,-3.36692644056796,36.9505785470807,7
222879,-3.36431952215128,36.9505785470807,7
222880,-3.3617126037346,36.9505785470807,7
222905,-3.29653964331753,36.9505785470807,8
222906,-3.29393272490085,36.9505785470807,8
222907,-3.29132580648416,36.9505785470807,8
222908,-3.28871888806748,36.9505785470807,8
222909,-3.2861119696508,36.9505785470807,8
222910,-3.28350505123411,36.9505785470807,8
222911,-3.28089813281743,36.9505785470807,8
223527,-3.44503977070204,36.9484952169695,6
223528,-3.44243292358303,36.9484952169695,6
223529,-3.43982607646402,36.9484952169695,6
223530,-3.437219229345,36.9484952169695,6
223531,-3.43461238222599,36.9484952169695,6
223532,-3.43200553510697,36.9484952169695,6
223533,-3.42939868798796,36.9484952169695,6
223534,-3.42679184086895,36.9484952169695,6
223535,-3.42418499374993,36.9484952169695,6
223536,-3.42157814663092,36.9484952169695,6
223537,-3.41897129951191,36.9484952169695,6
223538,-3.41636445239289,36.9484952169695,6
223539,-3.41375760527388,36.9484952169695,6
223540,-3.41115075815486,36.9484952169695,6
223541,-3.40854391103585,36.9484952169695,6
223542,-3.40593706391683,36.9484952169695,7
223543,-3.40333021679782,36.9484952169695,7
223544,-3.40072336967881,36.9484952169695,7
223545,-3.39811652255979,36.9484952169695,7
223546,-3.39550967544078,36.9484952169695,7
223547,-3.39290282832176,36.9484952169695,7
223548,-3.39029598120275,36.9484952169695,7
223549,-3.38768913408374,36.9484952169695,7
223550,-3.38508228696472,36.9484952169695,7
223551,-3.38247543984571,36.9484952169695,7
223552,-3.37986859272669,36.9484952169695,7
223553,-3.37726174560768,36.9484952169695,7
223554,-3.37465489848867,36.9484952169695,7
223555,-3.37204805136965,36.9484952169695,7
223556,-3.36944120425064,36.9484952169695,7
223557,-3.36683435713162,36.9484952169695,7
223558,-3.36422751001261,36.9484952169695,7
223587,-3.2886289435612,36.9484952169695,8
223588,-3.28602209644219,36.9484952169695,8
223589,-3.28341524932318,36.9484952169695,8
224207,-3.44233878221517,36.9464118868583,6
224208,-3.43973200638648,36.9464118868583,6
224209,-3.43712523055779,36.9464118868583,6
224210,-3.4345184547291,36.9464118868583,6
224211,-3.4319116789004,36.9464118868583,6
224212,-3.42930490307171,36.9464118868583,6
224213,-3.42669812724302,36.9464118868583,6
224214,-3.42409135141433,36.9464118868583,6
224215,-3.42148457558564,36.9464118868583,6
224216,-3.41887779975695,36.9464118868583,6
224217,-3.41627102392826,36.9464118868583,6
224218,-3.41366424809956,36.9464118868583,6
224219,-3.41105747227087,36.9464118868583,6
224220,-3.40845069644218,36.9464118868583,6
224221,-3.40584392061349,36.9464118868583,7
224222,-3.4032371447848,36.9464118868583,7
224223,-3.40063036895611,36.9464118868583,7
224224,-3.39802359312742,36.9464118868583,7
224225,-3.39541681729873,36.9464118868583,7
224226,-3.39281004147003,36.9464118868583,7
224227,-3.39020326564134,36.9464118868583,7
224228,-3.38759648981265,36.9464118868583,7
224229,-3.38498971398396,36.9464118868583,7
224230,-3.38238293815527,36.9464118868583,7
224231,-3.37977616232658,36.9464118868583,7
224232,-3.37716938649789,36.9464118868583,7
224233,-3.37456261066919,36.9464118868583,7
224886,-3.44224465054714,36.9443285567471,6
224887,-3.43963794600142,36.9443285567471,6
224888,-3.43703124145571,36.9443285567471,6
224889,-3.43442453690999,36.9443285567471,6
224890,-3.43181783236428,36.9443285567471,6
224891,-3.42921112781857,36.9443285567471,6
224892,-3.42660442327285,36.9443285567471,6
224893,-3.42399771872714,36.9443285567471,6
224894,-3.42139101418142,36.9443285567471,6
224895,-3.41878430963571,36.9443285567471,6
224896,-3.41617760508999,36.9443285567471,6
224897,-3.41357090054428,36.9443285567471,6
224898,-3.41096419599857,36.9443285567471,6
224900,-3.40575078690714,36.9443285567471,7
224901,-3.40314408236142,36.9443285567471,7
224902,-3.40053737781571,36.9443285567471,7
224903,-3.39793067326999,36.9443285567471,7
224904,-3.39532396872428,36.9443285567471,7
224905,-3.39271726417857,36.9443285567471,7
224906,-3.39011055963285,36.9443285567471,7
224907,-3.38750385508714,36.9443285567471,7
224908,-3.38489715054142,36.9443285567471,7
224909,-3.38229044599571,36.9443285567471,7
224910,-3.37968374145,36.9443285567471,7
224911,-3.37707703690428,36.9443285567471,7
225566,-3.4395438953078,36.9422452266359,6
225567,-3.43693726203772,36.9422452266359,6
225568,-3.43433062876764,36.9422452266359,6
225569,-3.43172399549756,36.9422452266359,6
225570,-3.42911736222748,36.9422452266359,6
225571,-3.4265107289574,36.9422452266359,6
225572,-3.42390409568731,36.9422452266359,6
225573,-3.42129746241723,36.9422452266359,6
225574,-3.41869082914715,36.9422452266359,6
225575,-3.41608419587707,36.9422452266359,6
225576,-3.41347756260699,36.9422452266359,6
225577,-3.41087092933691,36.9422452266359,6
225580,-3.40305102952666,36.9422452266359,7
225581,-3.40044439625658,36.9422452266359,7
225582,-3.3978377629865,36.9422452266359,7
225583,-3.39523112971642,36.9422452266359,7
225584,-3.39262449644634,36.9422452266359,7
225585,-3.39001786317625,36.9422452266359,7
225586,-3.38741122990617,36.9422452266359,7
225587,-3.38480459663609,36.9422452266359,7
225588,-3.38219796336601,36.9422452266359,7
225589,-3.37959133009593,36.9422452266359,7
226245,-3.43944985430458,36.9401618965247,6
226246,-3.43684329230279,36.9401618965247,6
226247,-3.43423673030099,36.9401618965247,6
226248,-3.4316301682992,36.9401618965247,6
226249,-3.42902360629741,36.9401618965247,6
226250,-3.42641704429561,36.9401618965247,6
226251,-3.42381048229382,36.9401618965247,6
226252,-3.42120392029203,36.9401618965247,6
226253,-3.41859735829024,36.9401618965247,6
226254,-3.41599079628844,36.9401618965247,6
226263,-3.39253173827231,36.9401618965247,7
226264,-3.38992517627052,36.9401618965247,7
226265,-3.38731861426872,36.9401618965247,7
226266,-3.38471205226693,36.9401618965247,7
226267,-3.38210549026514,36.9401618965247,7
226925,-3.43674933224986,36.9380785664135,6
226926,-3.43414284150901,36.9380785664135,6
226927,-3.43153635076816,36.9380785664135,6
226928,-3.42892986002732,36.9380785664135,6
226929,-3.42632336928647,36.9380785664135,6
226931,-3.42111038780478,36.9380785664135,6
226932,-3.41850389706393,36.9380785664135,6
227604,-3.43665538187789,36.9359952363023,6
227605,-3.43404896239065,36.9359952363023,6
227606,-3.43144254290341,36.9359952363023,6
